2357-bin,1,So you reached Delhi and now the noise in your head is not allowing you to think rationally
2357-bin,2,The Nosise in your head has origin its Origin in your Stomach
2357-bin,3,And this is a big hunger
2357-bin,4,You can finish one or probably 2 Tandoori Chicken
2357-bin,5,So where can you get the best Tandoori Chicken in Delhi? This place tweeted last week that the Tandoori Chicken it servers is like never B4
2357-bin,6,You got its twitter handle?
2357-bin,7,tandoori chicken delhi is like never b4
2357-bin,8,site:twitter.com tandoori chicken delhi is like never b4
2357-bin,9,"Anya Hotels ‏@AnyaHotels 1月21日 Gurgaon, Haryana"
2357-bin,10,Enjoy Tandoori Chicken like never before! #food #anyahotel #travelgram #foodporn #foodstagram...
2357-bin,11,posted on
2357-bin,12,Powered by:
2357-bin,13,Powered by .NET 5.0.0 on Kubernetes
